Feature ID	Taxon	Confidence
76d2032108822bcfaa90a4873f7a51aa	d__Bacteria; p__Proteobacteria; c__Gammaproteobacteria; o__Aeromonadales; f__Aeromonadaceae; g__Aeromonas	0.9405043885156907
1e79c99ee01b747ac38b8288f163386c	d__Bacteria; p__Bacteroidota; c__Bacteroidia; o__Sphingobacteriales; f__Sphingobacteriaceae; g__Sphingobacterium	0.9940887125599348
e5c80b4a23b96b2fa35b6da6cac2bf73	d__Bacteria; p__Bacteroidota; c__Bacteroidia; o__Cytophagales; f__Spirosomaceae; g__Flectobacillus	0.8907781277733543
5d42d94169280bb78cf47e7f04329658	d__Bacteria; p__Fusobacteriota; c__Fusobacteriia; o__Fusobacteriales; f__Fusobacteriaceae; g__Cetobacterium; s__uncultured_bacterium	0.9124518495229575
4fe49fe5c1015cb0a948e5b8a085d860	d__Bacteria; p__Proteobacteria; c__Gammaproteobacteria; o__Pseudomonadales; f__Pseudomonadaceae; g__Pseudomonas	0.9885084832745423
94ca1389331a3a9230237844cfd545f6	d__Bacteria; p__Proteobacteria; c__Gammaproteobacteria; o__Enterobacterales; f__Enterobacteriaceae	0.9399802190289115
dab7be63fbd4afbdec244d9513def407	d__Bacteria; p__Proteobacteria; c__Gammaproteobacteria; o__Burkholderiales; f__Comamonadaceae	0.9295175196549444
185df2b73b4805164470dfaea2d05223	d__Bacteria; p__Proteobacteria; c__Gammaproteobacteria; o__Enterobacterales; f__Erwiniaceae; g__Pantoea	0.7502690599375083
1b448e00c078f81e49a61933072345d2	d__Bacteria; p__Proteobacteria; c__Gammaproteobacteria; o__Pseudomonadales; f__Pseudomonadaceae; g__Pseudomonas	0.9995023851678783
c5d01fbd1e4b1d8a1a943c0c2d930610	d__Bacteria; p__Verrucomicrobiota; c__Verrucomicrobiae; o__Verrucomicrobiales	0.9999498929743061
dacc78981d6b2cf5ceaf4f018a619d83	d__Bacteria; p__Proteobacteria; c__Gammaproteobacteria; o__Burkholderiales; f__Chromobacteriaceae; g__Vogesella	0.9997125782552905
e0f1938338e6f9b8cf8408e672ee6cd1	d__Bacteria; p__Bacteroidota; c__Bacteroidia; o__Sphingobacteriales; f__Sphingobacteriaceae; g__Pedobacter	0.8036779967725871
d4ec57f20a73b04d5222053fd28f88b1	d__Bacteria; p__Proteobacteria; c__Gammaproteobacteria; o__Burkholderiales	0.9999803795630795
ce0a2b868a2c7f32c37f8f61fa40eaa9	d__Bacteria; p__Proteobacteria; c__Gammaproteobacteria; o__Burkholderiales; f__Comamonadaceae; g__uncultured	0.816176747998434
0186726921b80099034bbfc798619509	d__Bacteria; p__Proteobacteria; c__Gammaproteobacteria; o__Burkholderiales; f__Comamonadaceae	0.9975694224080799
7d452c3b0607078cc0e3a227cdf33b08	d__Bacteria; p__Proteobacteria; c__Alphaproteobacteria; o__Rhizobiales; f__Rhizobiaceae; g__Allorhizobium-Neorhizobium-Pararhizobium-Rhizobium	0.9118292341092834
03a8f849ffbb035d7a70cc99057883ad	d__Bacteria; p__Bacteroidota; c__Bacteroidia; o__Bacteroidales; f__Bacteroidaceae; g__Bacteroides	0.9999851178319734
fcaff86a53b3caf428a2665ec8379289	d__Bacteria; p__Proteobacteria; c__Gammaproteobacteria; o__Pseudomonadales; f__Moraxellaceae; g__Acinetobacter	0.9819042303312617
6d1b8ed13b116cded498058ab8a88d08	d__Bacteria; p__Proteobacteria; c__Gammaproteobacteria; o__Cellvibrionales; f__Cellvibrionaceae; g__Cellvibrio	0.999972528948594
e6dfd15b38618c3c7ff0a025083f56d4	d__Bacteria; p__Bacteroidota; c__Bacteroidia; o__Flavobacteriales; f__Weeksellaceae; g__Chryseobacterium	0.9983723058215632
af69071aa9231b7be650d79bfa807549	d__Bacteria; p__Proteobacteria; c__Gammaproteobacteria; o__Burkholderiales; f__Comamonadaceae	0.9993313572585907
deed1e834b190c2944781308a4f6d0d3	d__Bacteria; p__Proteobacteria; c__Gammaproteobacteria; o__Burkholderiales; f__Leeiaceae; g__Leeia; s__Leeia_oryzae	0.8959623791888816
35b6dde81c92eb7f66ca9f741da3514e	d__Bacteria; p__Proteobacteria; c__Gammaproteobacteria; o__Pseudomonadales; f__Pseudomonadaceae; g__Pseudomonas	0.9999933158914335
7db70996ed1e4d3b7ac2e0ae73a05343	d__Bacteria; p__Proteobacteria; c__Gammaproteobacteria; o__Alteromonadales; f__Alteromonadaceae; g__Rheinheimera	0.9993224565284289
b2bd82395b4b54483bd4906df3e8b5d5	d__Bacteria; p__Bacteroidota; c__Bacteroidia; o__Bacteroidales; f__Bacteroidetes_vadinHA17; g__Bacteroidetes_vadinHA17	0.9999969016755854
fe3e3ae2292fe20e533f985b31489ead	d__Bacteria; p__Proteobacteria; c__Gammaproteobacteria; o__Methylococcales; f__Methylomonadaceae; g__Methylomonas	0.9822732411605216
e23fd604176c9324aa62fda2ada3bc91	d__Bacteria; p__Proteobacteria; c__Gammaproteobacteria; o__Cellvibrionales; f__Cellvibrionaceae; g__Cellvibrio	0.9998501430166977
990c83d3b721c2fb03319551d808fc28	d__Bacteria; p__Proteobacteria; c__Alphaproteobacteria; o__Caulobacterales; f__Caulobacteraceae; g__Caulobacter	0.9991772799438805
7a65a3e1f8853c30d9be0b664420f83f	d__Bacteria; p__Firmicutes; c__Bacilli; o__Exiguobacterales; f__Exiguobacteraceae; g__Exiguobacterium	0.9772758904158309
65ad974d9aceecd94c35221f779eb1d2	d__Bacteria; p__Proteobacteria; c__Gammaproteobacteria; o__Burkholderiales; f__Comamonadaceae; g__Rhodoferax	0.8580475952122786
955d8fcbb35e8bc04c8df0c6aae34d34	d__Bacteria; p__Proteobacteria; c__Alphaproteobacteria; o__Rhizobiales; f__Rhizobiaceae; g__Allorhizobium-Neorhizobium-Pararhizobium-Rhizobium	0.8254414652230405
01b99cb344ed2530f7d80897ffe257a9	d__Bacteria; p__Proteobacteria; c__Gammaproteobacteria; o__Burkholderiales; f__Comamonadaceae	0.9964313867658511
b6944621720a61f8864c61ae0cb47391	d__Bacteria; p__Actinobacteriota; c__Actinobacteria; o__Micrococcales	0.9999995936655057
515a2bd23e336329c798ef718ec6519d	d__Bacteria; p__Proteobacteria; c__Alphaproteobacteria; o__Rhizobiales; f__Rhizobiales_Incertae_Sedis; g__uncultured	0.9614014813681938
a6783f6ae7fc1d8b0d6637f49d881419	d__Bacteria; p__Proteobacteria; c__Alphaproteobacteria; o__Rhizobiales	0.997507116468372
10b4255c2cdc13a352553b44a97cbd0f	d__Bacteria; p__Bacteroidota; c__Bacteroidia; o__Flavobacteriales; f__Flavobacteriaceae; g__Flavobacterium	0.9999506439526143
3253177a44672689e4e154e842d63e35	d__Bacteria; p__Proteobacteria; c__Gammaproteobacteria; o__Burkholderiales; f__Oxalobacteraceae; g__Duganella	0.9737928710735062
7f4909ae8d31a3995fa2c200c690a21f	d__Bacteria; p__Proteobacteria; c__Alphaproteobacteria; o__Caulobacterales; f__Caulobacteraceae; g__Brevundimonas	0.9995794156802398
1519eae2900c96b2f7a287791e53d925	d__Archaea; p__Euryarchaeota; c__Methanobacteria; o__Methanobacteriales; f__Methanobacteriaceae; g__Methanobacterium; s__uncultured_Methanobacteriaceae	0.8439174869967264
286302f6e8692be34d3a1751dac61cd0	d__Bacteria; p__Bacteroidota; c__Bacteroidia; o__Bacteroidales; f__Bacteroidaceae; g__Bacteroides	0.9999925676242412
0f310ccb1bc11b8c5cdae4945b637592	d__Bacteria; p__Proteobacteria; c__Gammaproteobacteria; o__Burkholderiales; f__Methylophilaceae; g__MM1; s__uncultured_bacterium	0.787701803096391
3f157dc6113e037ad1f06cabb79ae120	d__Bacteria; p__Proteobacteria; c__Gammaproteobacteria; o__Xanthomonadales; f__Xanthomonadaceae; g__Stenotrophomonas	0.9985512780759038
e467f28eeffd574c8c16a389e089a295	d__Bacteria; p__Proteobacteria; c__Gammaproteobacteria; o__Burkholderiales; f__Rhodocyclaceae; g__Zoogloea	0.9738867041870075
40cebed2a2a6465700df2d1713a40126	d__Bacteria; p__Proteobacteria; c__Gammaproteobacteria; o__Xanthomonadales; f__Xanthomonadaceae	0.9999788400726097
5b84a986e88b03272cd408e92b0a8d7a	d__Bacteria; p__Proteobacteria; c__Gammaproteobacteria; o__Pseudomonadales; f__Moraxellaceae; g__Acinetobacter	0.9999997080918156
63fdc917fe545c384d69a3f473027603	d__Bacteria; p__Proteobacteria; c__Alphaproteobacteria; o__Sphingomonadales; f__Sphingomonadaceae; g__Novosphingobium	0.9837120443076643
f8753b9f13abb306b57aedce2cf6e7d0	d__Bacteria; p__Bacteroidota; c__Bacteroidia; o__Flavobacteriales; f__Weeksellaceae; g__Cloacibacterium	0.971925932457602
1b75626f6834620dc2c729a1a81f497a	d__Bacteria; p__Proteobacteria; c__Gammaproteobacteria; o__Pseudomonadales; f__Moraxellaceae; g__Acinetobacter	0.9999982275886414
d3688bb4ad0f47c59827181fe3f140bf	d__Bacteria; p__Bacteroidota; c__Bacteroidia; o__Bacteroidales; f__Barnesiellaceae; g__uncultured; s__uncultured_bacterium	0.9065018453302249
a6a6601f3a675697e92bc24d32042929	d__Bacteria; p__Bacteroidota; c__Bacteroidia; o__Flavobacteriales; f__Crocinitomicaceae; g__Fluviicola; s__Fluviicola_sp.	0.7712205349962094
9af604229897c70de75a7740fe13e80d	d__Bacteria; p__Proteobacteria; c__Alphaproteobacteria; o__Rhizobiales; f__Xanthobacteraceae	0.9999999132623271
dc3e56436e3de26b261d60138d390ccf	d__Bacteria; p__Proteobacteria; c__Gammaproteobacteria; o__Pseudomonadales; f__Moraxellaceae; g__Acinetobacter	0.9999886945651761
85656dcbe20a9143f9ecd8e132364734	d__Bacteria; p__Verrucomicrobiota; c__Verrucomicrobiae; o__Verrucomicrobiales; f__Akkermansiaceae; g__Akkermansia; s__uncultured_Verrucomicrobia	0.991443215811558
016cbc298d33133214af48f03bce031f	d__Bacteria; p__Proteobacteria; c__Gammaproteobacteria; o__Burkholderiales; f__Comamonadaceae	0.9976947047270067
c3d9608c9ea001108c947c63206a8bd0	d__Bacteria; p__Proteobacteria; c__Gammaproteobacteria; o__Burkholderiales; f__Comamonadaceae	0.9994370670156991
825358495f973edb08bf9fd0b471e20f	d__Bacteria; p__Acidobacteriota; c__Holophagae; o__Holophagales; f__Holophagaceae; g__Geothrix	0.8469084889754503
82e4659b97c6f1a8f0f303088e76f8e6	d__Bacteria; p__Desulfobacterota; c__Desulfuromonadia; o__Geobacterales; f__Geobacteraceae; g__Geobacter; s__uncultured_bacterium	0.7016705400227999
82dbf6296be48d0f7903957e6d187247	d__Bacteria; p__Proteobacteria; c__Alphaproteobacteria; o__Rhizobiales; f__Rhizobiaceae; g__Allorhizobium-Neorhizobium-Pararhizobium-Rhizobium	0.8984532428414006
f9661b31af9bae475453b8806d0d3c7d	d__Bacteria; p__Bacteroidota; c__Bacteroidia; o__Flavobacteriales; f__Weeksellaceae; g__Chryseobacterium	0.9869675526496245
97e52e86f45f3cb9e4c9898412973d50	d__Bacteria; p__Planctomycetota; c__Planctomycetes; o__Gemmatales; f__Gemmataceae; g__Zavarzinella	0.999774519465322
874555455552735cd8a19e0e73d5d790	d__Bacteria; p__Bacteroidota; c__Bacteroidia; o__Cytophagales; f__Spirosomaceae; g__Dyadobacter	0.9999993784081096
f9fa4772fb8f12e0d3d69be80e7e28bb	d__Bacteria; p__Proteobacteria; c__Gammaproteobacteria; o__Methylococcales; f__Methylomonadaceae	0.9981192553557756
8a9900751e98a0973b4a1c349abc1374	d__Bacteria; p__Verrucomicrobiota; c__Verrucomicrobiae; o__Pedosphaerales; f__Pedosphaeraceae; g__ADurb.Bin063-1	0.997857327739961
4a0270dc21d1a332019f7049287de85a	d__Bacteria; p__Verrucomicrobiota; c__Verrucomicrobiae; o__Pedosphaerales; f__Pedosphaeraceae; g__ADurb.Bin063-1	0.985004108612751
4d4650a43f3fdbc0205f5dfb8a0379d0	d__Bacteria; p__Desulfobacterota; c__Desulfobacteria; o__Desulfatiglandales; f__Desulfatiglandaceae; g__Desulfatiglans	0.9982870004823977
dcbbd7824c46376eef4aa666f9b1cb84	d__Bacteria; p__Proteobacteria; c__Gammaproteobacteria; o__Burkholderiales; f__Methylophilaceae; g__Methylotenera	0.7802141144649899
abbf13c07c322c8416d7e133826045a9	d__Bacteria; p__Bacteroidota; c__Bacteroidia; o__Cytophagales; f__Spirosomaceae; g__Emticicia	0.9999992073898601
909755d7142ea53c7f61c97c3586f26c	d__Bacteria; p__Proteobacteria; c__Gammaproteobacteria; o__Pseudomonadales; f__Moraxellaceae; g__Acinetobacter	0.9897015793225811
8317ce9878d9aaf83342e8a3acca3dbe	d__Bacteria; p__Firmicutes; c__Bacilli; o__Mycoplasmatales; f__Mycoplasmataceae; g__Mycoplasma; s__Mycoplasma_wenyonii	0.9999955630509398
7a3e7ab58c144200ae97274fd5849701	d__Bacteria; p__Proteobacteria; c__Gammaproteobacteria; o__Burkholderiales; f__Rhodocyclaceae; g__Candidatus_Accumulibacter	0.8814001380202056
c774e639359ea8a50bd0a65aedcd6223	d__Bacteria; p__Proteobacteria; c__Gammaproteobacteria; o__Methylococcales; f__Methylomonadaceae; g__Methylomonas	0.991780799194371
c75ebacb9e148f8664fcd6fc92bf8e7a	d__Bacteria; p__Bacteroidota; c__Bacteroidia; o__Bacteroidales; f__Bacteroidaceae; g__Bacteroides	0.999788766585877
455fefd373cce3f432f01a118ee08d98	d__Bacteria; p__Proteobacteria; c__Alphaproteobacteria; o__Rhodobacterales; f__Rhodobacteraceae; g__Rhodobacter	0.70186240570238
9079bfebcce01d4b5c758067b1208c31	d__Bacteria; p__Proteobacteria; c__Gammaproteobacteria; o__Pseudomonadales; f__Pseudomonadaceae; g__Pseudomonas	0.9994769444369271
6eb7438d66b9eaccc40aac467cbdbd5b	d__Bacteria; p__Proteobacteria; c__Gammaproteobacteria; o__Burkholderiales; f__Rhodocyclaceae; g__Uliginosibacterium	0.9860459073168534
59f774c0427d4e9717ad12220bf5f7ad	d__Archaea; p__Euryarchaeota; c__Methanobacteria; o__Methanobacteriales; f__Methanobacteriaceae; g__Methanobacterium; s__uncultured_archaeon	0.9155839129989999
b39d22e51582aafac15315bf4dc3067f	d__Bacteria; p__Desulfobacterota; c__Syntrophia; o__Syntrophales; f__uncultured; g__uncultured	0.9998828073482047
e13bf41df5e373c10ca63b6c2ef2b1be	d__Bacteria; p__Proteobacteria; c__Alphaproteobacteria; o__Rhizobiales	0.9999999193635374
95e0eb4360c754169478a253e5fa6686	d__Bacteria; p__Proteobacteria; c__Alphaproteobacteria; o__Rhizobiales; f__Beijerinckiaceae; g__Roseiarcus	0.9999823253665413
7f7a9a4c624f7eb5ba0081e6c299c917	d__Bacteria; p__Proteobacteria; c__Alphaproteobacteria; o__Rhizobiales; f__Beijerinckiaceae; g__Roseiarcus	0.999964260233631
1a6312b3ad8f445d4c2ebbe952fccecf	d__Bacteria; p__Desulfobacterota; c__Desulfobacteria; o__Desulfobacterales; f__Desulfosarcinaceae; g__Sva0081_sediment_group; s__uncultured_bacterium	0.9889082636908499
d1c7ee5172f16dda522e46aaa4e5fa79	d__Bacteria; p__Proteobacteria; c__Gammaproteobacteria; o__Burkholderiales; f__Comamonadaceae; g__Variovorax	0.8809940177959664
b8db3935f90f3f036bfdfa6c82a52494	d__Bacteria; p__Proteobacteria; c__Gammaproteobacteria; o__Burkholderiales; f__Comamonadaceae	0.8078678034334901
f99c7163590c0ac614595672b4c95282	d__Bacteria; p__Proteobacteria; c__Gammaproteobacteria; o__Burkholderiales; f__Comamonadaceae	0.9972050527528368
b7a96692c360df3a96a2bc0ef9b36cfe	d__Bacteria; p__Proteobacteria; c__Gammaproteobacteria; o__Burkholderiales; f__Comamonadaceae	0.9991760994354182
8992381f7d3d5af45d162e2f4b38d01b	d__Bacteria; p__Proteobacteria; c__Gammaproteobacteria; o__Pseudomonadales; f__Pseudomonadaceae; g__Pseudomonas	0.9998005957540725
cc48f07a2e1430725cd88ace6b302062	d__Bacteria; p__Proteobacteria; c__Gammaproteobacteria; o__Burkholderiales; f__Comamonadaceae	0.9931054658277494
2552e2978a927df561b37881d0836d7c	d__Bacteria; p__Proteobacteria; c__Gammaproteobacteria; o__Burkholderiales; f__Comamonadaceae	0.998087088251233
b2c323397d1707ea1f8667944c8862ac	d__Archaea; p__Euryarchaeota; c__Methanobacteria; o__Methanobacteriales; f__Methanobacteriaceae; g__Methanobacterium	0.9999743420361649
031bb8bd86a1ac72c9203d11d3fcab44	d__Bacteria; p__Proteobacteria; c__Gammaproteobacteria; o__Pseudomonadales; f__Moraxellaceae; g__Acinetobacter; s__Acinetobacter_marinus	0.8248891980802914
c25f5369ed4e90d9238857266214bf73	d__Bacteria; p__Actinobacteriota; c__Actinobacteria; o__Micrococcales; f__Microbacteriaceae	0.9999755662814243
1536d85583f05a40f9c47b7c29835959	d__Bacteria; p__Bacteroidota; c__Bacteroidia; o__Chitinophagales; f__Chitinophagaceae; g__Edaphobaculum; s__uncultured_marine	0.7905169509663078
8b111e12f8f73205bac732c7479a97e8	d__Bacteria; p__Proteobacteria; c__Gammaproteobacteria; o__Pseudomonadales; f__Pseudomonadaceae; g__Pseudomonas	0.9994046107451298
e2f608e18d87e60092000ed4e323066e	d__Bacteria; p__Proteobacteria; c__Alphaproteobacteria; o__Sphingomonadales; f__Sphingomonadaceae; g__Sphingomonas	0.9818216458165756
86331e03becf39e4a64ae601913ca177	d__Bacteria; p__Proteobacteria; c__Gammaproteobacteria; o__Burkholderiales; f__Methylophilaceae; g__Methylophilus	0.989429841575902
717f1cc525da7ef45f037e8871ae6756	d__Bacteria; p__Proteobacteria; c__Gammaproteobacteria; o__Burkholderiales; f__Comamonadaceae	0.9959898662495974
8c12a12aedcd680ab7e259bfd627ff9a	d__Bacteria; p__Proteobacteria; c__Gammaproteobacteria; o__Burkholderiales; f__Chromobacteriaceae; g__Vogesella; s__uncultured_bacterium	0.8371283540319776
c4f5e6755025474b6355c9d890aae274	d__Bacteria; p__Proteobacteria; c__Gammaproteobacteria; o__Burkholderiales; f__Comamonadaceae	0.9891178233255222
2cec2792e54f61e12e1a0b2507826118	d__Bacteria; p__Proteobacteria; c__Gammaproteobacteria; o__Burkholderiales; f__Oxalobacteraceae; g__Massilia	0.9709723088450571
b18b389447d758e7cb173b4b4f2ad960	d__Bacteria; p__Proteobacteria; c__Alphaproteobacteria; o__Rhizobiales; f__Xanthobacteraceae; g__Bradyrhizobium	0.8450486376606451
f6bb195f075d463c5e9b620a6a76dbfd	d__Bacteria; p__Proteobacteria; c__Alphaproteobacteria; o__Rhizobiales; f__Beijerinckiaceae; g__Methylobacterium-Methylorubrum	0.9999606030006803
94891a4fd54fa04633ecee15b54fc5fa	d__Bacteria; p__Proteobacteria; c__Alphaproteobacteria; o__Caulobacterales; f__Caulobacteraceae; g__Phenylobacterium	0.9849744628890518
fae08f6b3b398e1cc9db1dd0572c8147	d__Bacteria; p__Bacteroidota; c__Bacteroidia; o__Cytophagales; f__Spirosomaceae	0.999285285338908
4d569cf8a71662c9ccadc160279b1e27	d__Bacteria; p__Proteobacteria; c__Gammaproteobacteria; o__Pseudomonadales; f__Pseudomonadaceae; g__Pseudomonas	0.9882235084163468
acb6ffd48ecfe56ae0d57f7075d492f6	d__Bacteria; p__Bacteroidota; c__Bacteroidia; o__Flavobacteriales; f__Flavobacteriaceae; g__Flavobacterium; s__Flavobacterium_columnare	0.9145028810775533
4dff94660005459d7670f5250f051d72	d__Bacteria; p__Proteobacteria; c__Gammaproteobacteria; o__Pseudomonadales; f__Pseudomonadaceae; g__Pseudomonas	0.9617872977771346
9e547cfda3a98b4cd5b43818fdd95183	d__Bacteria; p__Proteobacteria; c__Gammaproteobacteria; o__Burkholderiales; f__Alcaligenaceae	0.9999976647808219
063fa4f5a6fa894f7f8243468324ac5e	d__Bacteria; p__Proteobacteria; c__Gammaproteobacteria; o__Pseudomonadales; f__Moraxellaceae; g__Acinetobacter	0.9999999285345706
06809c7967136c1e119485a77b8caf3d	d__Bacteria; p__Proteobacteria; c__Alphaproteobacteria; o__Rhizobiales	0.9742856588685037
bf25824879f8349706ce620546ef0707	d__Bacteria; p__Proteobacteria; c__Gammaproteobacteria; o__Alteromonadales; f__Alteromonadaceae; g__Rheinheimera	0.9997607249492602
4a45c95fab5a3db510e341b71241b285	d__Bacteria; p__Proteobacteria; c__Gammaproteobacteria; o__Methylococcales; f__Methylomonadaceae	0.9839835707647816
58518d17dd0a3d16d67d4725baa5f565	d__Bacteria; p__Bacteroidota; c__Bacteroidia; o__Flavobacteriales; f__Weeksellaceae; g__Chryseobacterium	0.9997251145716615
d7ba3489a833a068745fd61c724e47f9	d__Bacteria; p__Proteobacteria; c__Gammaproteobacteria; o__Pseudomonadales; f__Pseudomonadaceae; g__Pseudomonas	0.9999091565976526
571c69f4c20fb21594968982b3eef119	d__Bacteria; p__Proteobacteria; c__Gammaproteobacteria; o__Burkholderiales; f__Methylophilaceae; g__Methylotenera; s__freshwater_sediment	0.839450055853043
bd6af02d6f593fdaa7a70d6595f07fd6	d__Bacteria; p__Proteobacteria; c__Gammaproteobacteria; o__Pseudomonadales; f__Moraxellaceae; g__Acinetobacter	0.9999739593748364
180ed1cd4fafc390ffc300108ccf648e	d__Bacteria; p__Cyanobacteria; c__Cyanobacteriia; o__Chloroplast; f__Chloroplast; g__Chloroplast	0.9999974201817612
a41a253f9fcf5f41b29e43aa55828650	d__Bacteria; p__Proteobacteria; c__Alphaproteobacteria; o__Rhizobiales; f__Rhizobiaceae	0.9880142650996308
ccd043d34cee4400e781b9bce6d4c1ea	d__Bacteria; p__Proteobacteria; c__Gammaproteobacteria; o__Burkholderiales; f__Oxalobacteraceae; g__Undibacterium	0.9963027864979962
1d8e576ff60908948903d6e0e5518e59	d__Bacteria; p__Proteobacteria; c__Gammaproteobacteria; o__Xanthomonadales; f__Xanthomonadaceae; g__Arenimonas	0.9540824838651112
3e9b07d18a24ab8f9b973fc87024c5fa	d__Bacteria; p__Proteobacteria; c__Gammaproteobacteria; o__Pseudomonadales; f__Moraxellaceae; g__Acinetobacter	0.9975123915226397
08b3d5a40451e161731ff1ea8868f21f	d__Bacteria; p__Proteobacteria; c__Gammaproteobacteria; o__Burkholderiales; f__Comamonadaceae	0.9930019373000654
381059685b59f4d99e68b3fab9c26c14	d__Bacteria; p__Proteobacteria; c__Gammaproteobacteria; o__Burkholderiales; f__Neisseriaceae; g__uncultured; s__metagenome	0.9654602643764945
6ad4d7c1319d26edbd959ce349d245be	d__Bacteria; p__Proteobacteria; c__Alphaproteobacteria; o__Rhodobacterales; f__Rhodobacteraceae; g__Pseudorhodobacter	0.8251798141794546
bf4a3cc81a244efb781e6e7593ded22f	d__Bacteria; p__Proteobacteria; c__Alphaproteobacteria; o__Rhizobiales; f__Rhizobiales_Incertae_Sedis; g__uncultured; s__metagenome	0.8263613601564864
815355c56a186e70df1a50b40c3e7182	d__Bacteria; p__Proteobacteria; c__Alphaproteobacteria; o__Rhodobacterales; f__Rhodobacteraceae	0.9999882875712319
659a1e327ea3ba3eebf1258dab5d1837	d__Bacteria; p__Desulfobacterota; c__Desulfuromonadia; o__Geobacterales; f__Geobacteraceae; g__Geobacter	0.9713669576928367
45bfce40c4b25ec2ee60d61eea5ffd47	d__Bacteria; p__Proteobacteria; c__Alphaproteobacteria; o__Rhizobiales; f__Rhizobiales_Incertae_Sedis; g__uncultured; s__uncultured_bacterium	0.9399322841995358
450bfca4ccf79e3cb80c275f2730e6ea	d__Bacteria; p__Proteobacteria; c__Gammaproteobacteria; o__Burkholderiales; f__Comamonadaceae	0.992026429760499
0eaa6c506f2594f0452cb369bfab8c2f	d__Bacteria; p__Proteobacteria; c__Alphaproteobacteria; o__Sphingomonadales; f__Sphingomonadaceae	0.9999996303078799
32622c08f13a850f869a8c27800a6317	d__Bacteria; p__Proteobacteria; c__Gammaproteobacteria; o__Methylococcales; f__Methylomonadaceae; g__Crenothrix; s__uncultured_Crenothrix	0.9880738127372899
8946a0a99d0da99db00b0a5cbf5cb0a1	d__Bacteria; p__Bacteroidota; c__Bacteroidia; o__Flavobacteriales; f__Weeksellaceae; g__Chryseobacterium	0.867834827640097
56c98126dde3abb2d263088db55e12c8	d__Bacteria; p__Bacteroidota; c__Bacteroidia; o__Sphingobacteriales; f__Sphingobacteriaceae	0.9999999458761675
593907be37b8b31481ceadc6856a128a	d__Bacteria; p__Bacteroidota; c__Bacteroidia; o__Chitinophagales; f__Chitinophagaceae	0.9999501727422636
6c98e211b3fb4bafeab61d71cc176bf3	d__Bacteria; p__Proteobacteria; c__Alphaproteobacteria; o__Rhodobacterales; f__Rhodobacteraceae; g__Rhodobacter	0.807405765507088
c49c8509287927320de5fa4ee4421683	d__Bacteria; p__Cyanobacteria; c__Cyanobacteriia; o__Chloroplast; f__Chloroplast; g__Chloroplast	0.9999999826014218
8eb07752bbc1c95c6d357090830c729b	d__Bacteria; p__Proteobacteria; c__Alphaproteobacteria; o__Rhodobacterales; f__Rhodobacteraceae; g__Rhodobacter	0.7686418892601677
9d1687e9ed42e3dec28d0ecc5baa2eb8	d__Bacteria; p__Proteobacteria; c__Gammaproteobacteria; o__Methylococcales; f__Methylomonadaceae; g__Crenothrix; s__uncultured_Methylococcales	0.7501128326119588
2d49e53f376717b641b1397508a18c84	d__Bacteria; p__Proteobacteria; c__Alphaproteobacteria; o__Rhizobiales; f__Beijerinckiaceae; g__Methylocystis	0.7203290126621275
f2b56a14787cd0aea24a24e979a2f714	d__Bacteria; p__Proteobacteria; c__Gammaproteobacteria; o__Burkholderiales	0.9998740504073595
d83b66aa07d936f449a92541d1bf336a	d__Bacteria; p__Proteobacteria; c__Gammaproteobacteria; o__Burkholderiales	0.9999023517721218
a37cdc09fde0f290b4bd0244690f67cc	d__Bacteria; p__Sva0485; c__Sva0485; o__Sva0485; f__Sva0485; g__Sva0485	0.9999999922999535
3a1c2d5547ddb7f76306a042f8bef6a4	d__Bacteria; p__Proteobacteria; c__Gammaproteobacteria; o__Burkholderiales; f__Oxalobacteraceae; g__Massilia	0.998654298951451
0f2a155a57fe6d0bf34767080706b3e1	d__Bacteria; p__Proteobacteria; c__Gammaproteobacteria; o__Enterobacterales; f__Yersiniaceae	0.8622621164456524
7827defa226f025727dd0d1866cb5bba	d__Bacteria; p__Cyanobacteria; c__Cyanobacteriia; o__Chloroplast; f__Chloroplast; g__Chloroplast	0.9999998982767826
5d68d33721dc346e1d4f60816b9e8a87	d__Bacteria; p__Desulfobacterota; c__Syntrophobacteria; o__Syntrophobacterales; f__Syntrophobacteraceae; g__Syntrophobacter	0.9936982497199986
b3a9c2290e38f7aba09b6076453e5006	d__Bacteria; p__Cyanobacteria; c__Cyanobacteriia; o__Chloroplast; f__Chloroplast; g__Chloroplast	0.9999999895547823
d21da0f8e820ef24ed439199649ebfb0	d__Bacteria; p__Desulfobacterota; c__Desulfuromonadia; o__Geobacterales; f__Geobacteraceae; g__Geobacter; s__uncultured_bacterium	0.7979762626903687
3f121bc0e1cf21278f6c4a7ca88a1477	d__Bacteria; p__Proteobacteria; c__Alphaproteobacteria; o__Rhizobiales; f__Rhizobiaceae	0.983251401862036
80959cac54fc27790ea2def592e41217	d__Bacteria; p__Proteobacteria; c__Gammaproteobacteria; o__Methylococcales; f__Methylomonadaceae	0.9925688173676985
ce0c2603d676b7be08562a52440d2746	d__Bacteria; p__Proteobacteria; c__Gammaproteobacteria; o__Burkholderiales; f__Comamonadaceae	0.9698924154185133
2492e30becb2716ccd9557e27900a56d	d__Bacteria; p__Proteobacteria; c__Alphaproteobacteria; o__Rhizobiales; f__Rhizobiales_Incertae_Sedis; g__uncultured	0.9586272049161415
1da57c2dd7cff333bf7ab5d2c2773115	d__Bacteria; p__Proteobacteria; c__Gammaproteobacteria; o__Burkholderiales; f__Comamonadaceae	0.9971984648655757
b308d079e329a0410b3079891328f896	d__Bacteria; p__Proteobacteria; c__Gammaproteobacteria; o__Burkholderiales; f__Neisseriaceae; g__uncultured	0.7257492434544798
cdc73818957bfcdc88cec4d819f651dd	d__Bacteria; p__Desulfobacterota; c__Desulfobacteria; o__Desulfatiglandales; f__Desulfatiglandaceae; g__Desulfatiglans	0.9998811768164949
8bccfc91b05656abde078571fcfcea6e	d__Bacteria; p__Desulfobacterota; c__Desulfuromonadia; o__Geobacterales; f__Geobacteraceae	0.9988658296442847
236d50ede4def2905b82bcd7a02f248e	d__Bacteria; p__Proteobacteria; c__Gammaproteobacteria; o__Methylococcales; f__Methylomonadaceae	0.9987786918643039
2568979ffe188f1f080b4453bcb7b30c	d__Bacteria; p__Verrucomicrobiota; c__Verrucomicrobiae; o__Pedosphaerales; f__Pedosphaeraceae; g__uncultured; s__bacterium_enrichment	0.7269270649494735
203d4e6b8618c1517c4fa0f17a5dfea5	d__Bacteria; p__Desulfobacterota; c__Desulfobulbia; o__Desulfobulbales; f__Desulfobulbaceae; g__Desulfobulbus; s__uncultured_Desulfobulbus	0.9633350620476874
24aed77255e739ecb08358cdfb5459a1	d__Bacteria; p__Proteobacteria; c__Gammaproteobacteria; o__Burkholderiales; f__Rhodocyclaceae	0.9121541386204687
9fc5b4c4993f265d5b01656e8063fd97	d__Bacteria; p__SAR324_clade(Marine_group_B); c__SAR324_clade(Marine_group_B); o__SAR324_clade(Marine_group_B); f__SAR324_clade(Marine_group_B); g__SAR324_clade(Marine_group_B); s__uncultured_Desulfobulbaceae	0.9267665796727436
1d303b104506b340708e2c98699d9b27	d__Bacteria; p__Desulfobacterota; c__Desulfuromonadia; o__Geobacterales; f__Geobacteraceae	0.9996483105774331
e4425e9f11df10011f0f3d702e6f6e77	d__Bacteria; p__Proteobacteria; c__Alphaproteobacteria; o__Rhizobiales; f__Beijerinckiaceae; g__Rhodoblastus	0.9951183220885681
60b108022d80055ac6ad97665f73e364	d__Bacteria; p__Proteobacteria; c__Gammaproteobacteria; o__Methylococcales; f__Methylomonadaceae	0.9811094161869556
49dee390e20ae4a04766875798bdba69	d__Archaea; p__Thermoplasmatota; c__Thermoplasmata; o__Marine_Benthic_Group_D_and_DHVEG-1; f__Marine_Benthic_Group_D_and_DHVEG-1; g__Marine_Benthic_Group_D_and_DHVEG-1; s__uncultured_Thermoplasmata	0.9892653537553294
c9a3b38d177f06c4b36fc6965f6c11a8	d__Bacteria; p__Proteobacteria; c__Gammaproteobacteria; o__Methylococcales; f__Methylomonadaceae	0.989840366209918
149ca25e279b6cd5973a4c9231af5e58	d__Bacteria; p__Planctomycetota; c__Planctomycetes; o__Isosphaerales; f__Isosphaeraceae	0.9986747633837288
924152634eb0f43132666a740d266fb8	d__Bacteria; p__Proteobacteria; c__Alphaproteobacteria; o__Acetobacterales; f__Acetobacteraceae; g__Roseomonas; s__Roseomonas_stagni	0.9673038845417284
a5c04909584d6515ee777147e4f72279	d__Bacteria; p__Bacteroidota; c__Bacteroidia; o__Chitinophagales; f__Chitinophagaceae; g__uncultured; s__uncultured_Sphingobacterium	0.9440361157707461
dda7608034edc31f3d46ef586d489229	d__Bacteria; p__Bacteroidota; c__Bacteroidia; o__Bacteroidales; f__Prolixibacteraceae; g__BSV13	0.9999778474448847
fdd8fc10037d9e0e2f8cd7d43a210669	d__Bacteria; p__Bacteroidota; c__Bacteroidia; o__Cytophagales; f__Spirosomaceae; g__Runella	0.9999997847429066
1e86129605df69a3848e84cb6a06bd8c	d__Bacteria; p__Proteobacteria; c__Gammaproteobacteria; o__Methylococcales; f__Methylomonadaceae	0.9989366360990525
c03a779820ac010e8715ff063a2c724b	d__Bacteria; p__Proteobacteria; c__Gammaproteobacteria; o__Burkholderiales; f__Methylophilaceae	0.9457452372654048
d0568583d86efdb53237ba52d23e5a64	d__Bacteria; p__Proteobacteria; c__Gammaproteobacteria; o__Methylococcales; f__Methylomonadaceae; g__Methylomonas	0.9533772289171328
6b4efa96942b10cf11a4817054a4aeb5	d__Bacteria; p__Desulfobacterota; c__Syntrophorhabdia; o__Syntrophorhabdales; f__Syntrophorhabdaceae; g__Syntrophorhabdus	0.9999993224884122
6e820433392cd9f7fb751736bde00210	d__Bacteria; p__Proteobacteria; c__Alphaproteobacteria; o__Caulobacterales; f__Hyphomonadaceae; g__Hirschia	0.9998878290599518
afeca65c47b8b27877c20502ad8186f3	d__Bacteria; p__Proteobacteria; c__Gammaproteobacteria; o__Burkholderiales; f__Methylophilaceae; g__Methylophilus	0.734826820127197
d1e3ec28800e7228d1d9b8b49aee03c0	d__Bacteria; p__Bacteroidota; c__Bacteroidia; o__Cytophagales; f__Spirosomaceae; g__Lacihabitans; s__uncultured_bacterium	0.9694114646991658
470967579fdad98aa29aba480eea5133	d__Bacteria; p__Desulfobacterota; c__Syntrophia; o__Syntrophales; f__Smithellaceae; g__Smithella; s__uncultured_bacterium	0.8287554186526641
03fb2ba970c07a7aafe02a2171147443	d__Bacteria; p__Actinobacteriota; c__Thermoleophilia; o__Gaiellales; f__uncultured; g__uncultured; s__uncultured_Solirubrobacter	0.7064944765000231
e737f12108896cefe7e312ed079d6c96	d__Bacteria; p__Proteobacteria; c__Alphaproteobacteria; o__Rhizobiales	0.9987281816063979
7bf01071b90f0b809eae30d87e05de77	d__Bacteria; p__Bacteroidota; c__Chlorobia; o__Chlorobiales; f__Chlorobiaceae; g__Chlorobium	0.9114081083070915
c10c253fb8f4a8ff962f361f90780983	d__Bacteria; p__Proteobacteria; c__Gammaproteobacteria; o__Chromatiales; f__Chromatiaceae	0.8832544815141309
5cd790d8e6686a9494dfb0c162fc9384	d__Bacteria; p__Bacteroidota; c__Bacteroidia; o__Chitinophagales; f__Saprospiraceae; g__uncultured	0.9741062824469902
053480b13b8379901eb13a509889164a	d__Bacteria; p__Firmicutes; c__Bacilli; o__Bacillales; f__Bacillaceae; g__Bacillus	0.9232049147891456
0eb8383ad4dfecfdf63afe020571e1bc	d__Bacteria; p__Proteobacteria; c__Gammaproteobacteria; o__Methylococcales; f__Methylococcaceae; g__Methyloparacoccus; s__uncultured_bacterium	0.9985971455573063
dce8da305ed2b24167f4fcad12634c26	d__Bacteria; p__Proteobacteria; c__Gammaproteobacteria; o__Chromatiales; f__Chromatiaceae; g__uncultured; s__uncultured_Chromatiaceae	0.7451017341667374
b621989952250d8d6ed51140cdf64a9a	d__Bacteria; p__Bacteroidota; c__Bacteroidia; o__Bacteroidales; f__Dysgonomonadaceae; g__uncultured; s__uncultured_soil	0.9921280007178649
14d168c89e381de6fc3091837a557e48	d__Bacteria; p__Firmicutes; c__Bacilli; o__Bacillales; f__Bacillaceae; g__Bacillus	0.9346744179411987
16564bc936c839c893f951bab613a30b	d__Bacteria; p__Proteobacteria; c__Alphaproteobacteria; o__Sphingomonadales; f__Sphingomonadaceae; g__Porphyrobacter	0.9370323870390872
39d92a2994b43f26c331d3d02165b04c	d__Bacteria; p__Proteobacteria; c__Gammaproteobacteria; o__Burkholderiales; f__Rhodocyclaceae	0.9941447846559915
f5e42a7a11098df3f6c4d1024da5ec0b	d__Bacteria; p__Proteobacteria; c__Alphaproteobacteria; o__Rhodobacterales; f__Rhodobacteraceae	0.9999931479514487
fbc52a5326c28066eb9cd432804c16a2	d__Bacteria; p__Desulfobacterota; c__Desulfuromonadia; o__Geobacterales; f__Geobacteraceae; g__uncultured	0.9240659041547614
4075a90811bf9c19f02f5aa2ece6da37	d__Bacteria; p__Proteobacteria; c__Gammaproteobacteria; o__Burkholderiales; f__Oxalobacteraceae; g__Janthinobacterium	0.8212625139602272
696fd98a26ec5461784fe6c052c38ed6	d__Bacteria; p__Patescibacteria; c__Gracilibacteria; o__Absconditabacteriales_(SR1); f__Absconditabacteriales_(SR1); g__Absconditabacteriales_(SR1)	0.9999924546436657
c2fabdfe700ee583a2766d89c3546a07	d__Bacteria; p__Bacteroidota; c__Bacteroidia; o__Chitinophagales; f__Saprospiraceae; g__Haliscomenobacter	0.9999428170333331
aeba818c2d3b09db5d05350dc07ba7fb	d__Bacteria; p__Bacteroidota; c__Bacteroidia; o__Bacteroidales; f__Bacteroidetes_vadinHA17; g__Bacteroidetes_vadinHA17	0.9999196533745686
766e31312d40b8b074ff9deda360458e	d__Bacteria; p__Proteobacteria; c__Alphaproteobacteria; o__Rhizobiales	0.997823185382207
b9269a775868e8bb94ed764a2fa0c850	d__Bacteria; p__Proteobacteria; c__Gammaproteobacteria; o__Burkholderiales; f__Comamonadaceae	0.964685319312813
f107b5bf5215a0b309f7723d42303642	d__Bacteria; p__Bacteroidota; c__Bacteroidia; o__Chitinophagales; f__Chitinophagaceae; g__Lacibacter; s__Lacibacter_cauensis	0.7664263301038093
4702bcec88c67c7b84f01cc6759b8081	d__Bacteria; p__Proteobacteria; c__Gammaproteobacteria; o__Burkholderiales; f__Alcaligenaceae	0.9999999269932089
3e7f7d8ab3a5fb0e3401a0fda19d8bcb	d__Bacteria; p__Proteobacteria; c__Gammaproteobacteria; o__Pseudomonadales; f__Moraxellaceae; g__Acinetobacter	0.999157831191229
5d42e3d11916433f0943caa9c0410296	d__Bacteria; p__Proteobacteria; c__Gammaproteobacteria; o__Burkholderiales; f__Burkholderiaceae; g__Polynucleobacter	0.9999228175572152
af2db38da290f7e77b4750ee624cbc34	d__Bacteria; p__Cyanobacteria; c__Cyanobacteriia; o__Pseudanabaenales; f__Pseudanabaenaceae; g__Pseudanabaena_PCC-7429; s__Pseudanabaena_minima	0.9837621136518488
271ef157f6d986b61087c876992bd677	d__Bacteria; p__Proteobacteria; c__Gammaproteobacteria; o__Pseudomonadales; f__Moraxellaceae; g__Acinetobacter	0.9999998290925394
f72f28e83cc983d9747538969084cded	d__Bacteria; p__Proteobacteria; c__Gammaproteobacteria; o__Burkholderiales; f__Rhodocyclaceae	0.9793743530911541
39b5567d2d979a9172c02435a5ede59d	d__Bacteria; p__Proteobacteria; c__Gammaproteobacteria; o__Burkholderiales	0.9997820445167602
d5052d24d5bb47ea930e8991b6c4b8c0	d__Bacteria; p__Proteobacteria; c__Gammaproteobacteria; o__Burkholderiales; f__Neisseriaceae; g__uncultured; s__uncultured_beta	0.7546359461383954
0c46ddfc569cd254a08fc12c30effd78	d__Bacteria; p__Patescibacteria; c__Gracilibacteria; o__Gracilibacteria; f__Gracilibacteria; g__Gracilibacteria; s__Gracilibacteria_bacterium	0.9569437574279221
2083d6fad42af49396f2541bd4742889	d__Bacteria; p__Proteobacteria; c__Gammaproteobacteria; o__Methylococcales; f__Methylomonadaceae	0.949253987124603
8db96ed7ba6b058a4c356a19ff939bf1	d__Bacteria; p__Actinobacteriota; c__Actinobacteria; o__Micrococcales; f__Microbacteriaceae	0.9974075589404093
f5161b3419b9b5333ecf08d4ed6b8fa4	d__Bacteria; p__Proteobacteria; c__Alphaproteobacteria; o__Rhizobiales; f__Rhizobiales_Incertae_Sedis; g__Phreatobacter; s__Phreatobacter_sp.	0.9475434123774058
ae4800df46af4ce7c15f18841b1a4213	d__Bacteria; p__Proteobacteria; c__Gammaproteobacteria; o__Methylococcales; f__Methylomonadaceae	0.9713155416202454
6ee3ce7dce36ec1fe31bccdd610c04eb	d__Bacteria; p__Armatimonadota; c__Fimbriimonadia; o__Fimbriimonadales; f__Fimbriimonadaceae; g__Fimbriimonadaceae; s__uncultured_Armatimonadetes	0.7036717444502191
2c16ddd3d2d3b8583943119d7736d709	d__Bacteria; p__Fusobacteriota; c__Fusobacteriia; o__Fusobacteriales; f__Fusobacteriaceae; g__Cetobacterium; s__uncultured_bacterium	0.9284514989219943
87d980b22c65ae7843e271b7561e1f23	d__Bacteria; p__Proteobacteria; c__Gammaproteobacteria; o__Burkholderiales; f__Comamonadaceae	0.929290136866066
6986b1ecd761fe079af4beba379cb2e9	d__Bacteria; p__Proteobacteria; c__Alphaproteobacteria; o__Reyranellales; f__Reyranellaceae; g__Reyranella	0.9999999839379122
9b991987e6a51018441e7bb712876165	d__Bacteria; p__Proteobacteria; c__Gammaproteobacteria; o__Enterobacterales; f__Hafniaceae; g__Edwardsiella	0.9990256098505592
2ea9e92189e466a1b92c5571e1ef6cab	d__Bacteria; p__Proteobacteria; c__Alphaproteobacteria; o__Rhizobiales	0.9982255907586142
173bf598af86b4ed151ce5219ea06a5f	d__Bacteria; p__Proteobacteria; c__Alphaproteobacteria; o__Rhodobacterales; f__Rhodobacteraceae	0.9999908619263759
61c0ab61320694a821fe297ec3d6ed17	d__Bacteria; p__Planctomycetota; c__Planctomycetes; o__Pirellulales; f__Pirellulaceae; g__Pirellula; s__metagenome	0.71858860296076
d2fbaed8a90a3b5c9d14123df314393e	d__Bacteria; p__Proteobacteria; c__Gammaproteobacteria; o__Burkholderiales; f__Comamonadaceae; g__Rhodoferax	0.726906447546053
65230d7dbe4cfd62f3c362a329560cc8	d__Bacteria; p__Bacteroidota; c__Bacteroidia; o__Sphingobacteriales; f__Sphingobacteriaceae; g__Pedobacter	0.8327918197622193
d5cb85f53c8718254d9e0fe1035c0f76	d__Bacteria; p__Proteobacteria; c__Gammaproteobacteria; o__Salinisphaerales; f__Solimonadaceae; g__Nevskia	0.9999999006103919
e9259b68fbe1fc4167e29f3456c084a0	d__Bacteria; p__Campilobacterota; c__Campylobacteria; o__Campylobacterales; f__Arcobacteraceae; g__Pseudarcobacter	0.9964133862366716
0310f41e594c49368dde5c5993a7a5d0	d__Bacteria; p__Bacteroidota; c__Bacteroidia; o__Flavobacteriales; f__Weeksellaceae; g__Chryseobacterium	0.9937362608711443
b2a55a67b1b01527188e04a2f46cbc97	d__Bacteria; p__Proteobacteria; c__Gammaproteobacteria; o__Burkholderiales; f__Comamonadaceae	0.9766584528598339
a6201a36aed767e618607aa3f1e7a794	d__Bacteria; p__Proteobacteria; c__Gammaproteobacteria; o__Pseudomonadales; f__Pseudomonadaceae; g__Pseudomonas	0.9968143460545537
149bd003afc4f4dcb1ce23429c8918fb	d__Bacteria; p__Proteobacteria; c__Gammaproteobacteria; o__Xanthomonadales; f__Xanthomonadaceae; g__Stenotrophomonas	0.997724635669866
99707a6d6bcd328642cdefa9a6140319	d__Bacteria; p__Bacteroidota; c__Bacteroidia; o__Cytophagales; f__Cytophagaceae; g__Cytophaga; s__uncultured_bacterium	0.8924088966419803
d6964fbf9b49da49df6e103514252cfa	d__Bacteria; p__Proteobacteria; c__Gammaproteobacteria; o__Burkholderiales; f__Oxalobacteraceae; g__Janthinobacterium	0.8015582770407486
eefb4423cc9e524946a4ce80743bf3d3	d__Bacteria; p__Bacteroidota; c__Bacteroidia; o__Chitinophagales; f__Chitinophagaceae; g__Sediminibacterium	0.9974275323144672
1ea9cb486ff7fcc1a5d05ba6f5c58352	d__Bacteria; p__Cyanobacteria; c__Cyanobacteriia; o__Chloroplast; f__Chloroplast; g__Chloroplast; s__unidentified_rhodophyte	0.7493342453082095
a1fdaf15d3b2c2b51945a61512cd513d	d__Bacteria; p__Verrucomicrobiota; c__Verrucomicrobiae; o__Pedosphaerales; f__Pedosphaeraceae; g__SH3-11	0.9995587754881572
fc5ab1d28aeebdd302b1b3de39b854ec	d__Bacteria; p__Bacteroidota; c__Bacteroidia; o__Chitinophagales; f__Saprospiraceae	0.7931793589779729
ffd85a66c60456e6361997d752c492a4	d__Bacteria; p__Proteobacteria; c__Gammaproteobacteria; o__Burkholderiales	0.999754411180454
b5c4d60519830e4cd5d891ec50d2a3e1	d__Bacteria; p__Proteobacteria; c__Gammaproteobacteria; o__Burkholderiales; f__Comamonadaceae	0.8256893517356074
aba49920be1da43025023df53c9134ca	d__Bacteria; p__Bacteroidota; c__Bacteroidia; o__Chitinophagales; f__Chitinophagaceae; g__Sediminibacterium	0.9991271127739229
cb2fe0146e2fbcb101050edb996a0ee2	d__Bacteria; p__Firmicutes; c__Bacilli; o__Staphylococcales; f__Staphylococcaceae; g__Staphylococcus	0.9961212317886282
c4aad64f84f51ff331b986a67af4ed3d	d__Bacteria; p__Proteobacteria; c__Gammaproteobacteria; o__Pseudomonadales; f__Moraxellaceae; g__Acinetobacter	0.9999213711773463
070cdf33b8fe9b7d1de743e49e9ef8b8	d__Bacteria; p__Verrucomicrobiota; c__Verrucomicrobiae; o__Chthoniobacterales; f__Terrimicrobiaceae; g__FukuN18_freshwater_group	0.9999999832206252
e74152dc7944a2ec83461459b059bfd6	d__Bacteria; p__Planctomycetota; c__Planctomycetes; o__Pirellulales; f__Pirellulaceae; g__Pirellula; s__uncultured_planctomycete	0.9522245880625035
60760c6076690803a80ea835c0ff6682	d__Bacteria; p__Proteobacteria; c__Alphaproteobacteria; o__Rickettsiales; f__Mitochondria; g__Mitochondria; s__Phytophthora_agathidicida	0.7464062815822049
d89feac96c9716b9658d83af4862faaf	d__Bacteria; p__Proteobacteria; c__Alphaproteobacteria; o__Rickettsiales; f__Mitochondria; g__Mitochondria; s__Phytophthora_agathidicida	0.7963278882941895
991f2f7bfb42dd9b420fe8c496356c02	d__Bacteria; p__Proteobacteria; c__Alphaproteobacteria; o__Rhizobiales; f__Beijerinckiaceae	0.981515986306013
5bb4a1300310c637b85dd01d488b4dcb	d__Bacteria; p__Cyanobacteria; c__Cyanobacteriia; o__Chloroplast; f__Chloroplast; g__Chloroplast	0.8453145033805183
764a6d82ef76ea65f7efad705e7c4b30	d__Bacteria; p__Proteobacteria; c__Alphaproteobacteria; o__Rhodobacterales; f__Rhodobacteraceae	0.9921450325782807
671a8f8788206826556cb6b600146c87	d__Bacteria; p__Proteobacteria; c__Gammaproteobacteria; o__Burkholderiales	0.9996722105131802
031374614c8514bf8ce73fe68d3fa073	d__Bacteria; p__Proteobacteria; c__Alphaproteobacteria; o__Rhizobiales; f__Beijerinckiaceae	0.9897624879985654
0c8593b959a376e418cb869ef06ea1a1	d__Bacteria; p__Proteobacteria; c__Gammaproteobacteria; o__Burkholderiales; f__Comamonadaceae	0.9494397131607354
5e257a2cefd467f3b2fbacbe5cb95852	d__Bacteria; p__Cyanobacteria; c__Cyanobacteriia; o__Chloroplast; f__Chloroplast; g__Chloroplast; s__uncultured_Dunaliella	0.7213183275943672
89911ab62ec4f2edbad3fe821e9f41ae	d__Bacteria; p__Cyanobacteria; c__Cyanobacteriia; o__Synechococcales; f__Cyanobiaceae; g__Cyanobium_PCC-6307	0.9999967296333906
8943e2b4a170ca78980958d40decbbde	d__Bacteria; p__Cyanobacteria; c__Cyanobacteriia; o__Leptolyngbyales; f__Leptolyngbyaceae; g__uncultured	0.8990757573018878
127209c11e29446e963a0f138232cf9f	d__Bacteria; p__Bacteroidota; c__Bacteroidia; o__Sphingobacteriales; f__NS11-12_marine_group; g__NS11-12_marine_group; s__uncultured_bacterium	0.91071522179672
a9f5708d536fcc1251bd93901a8ded67	d__Bacteria; p__Cyanobacteria; c__Cyanobacteriia	0.9998916239660594
cde36e5ca8abdeb318b154392fb03f63	d__Bacteria; p__Proteobacteria; c__Gammaproteobacteria; o__Burkholderiales; f__Methylophilaceae; g__MM1; s__uncultured_bacterium	0.7377151023950393
e03929ea167939e660836c08d8e77792	d__Bacteria; p__Cyanobacteria; c__Cyanobacteriia; o__Chloroplast; f__Chloroplast; g__Chloroplast; s__Vischeria_sp.	0.7082430690986603
5a4f3f2120a59391d6daa29d12d418cb	d__Bacteria; p__Proteobacteria; c__Gammaproteobacteria; o__Burkholderiales; f__Burkholderiaceae; g__Polynucleobacter	0.9998500387299087
c1ad00df20ba8fedee1c7767302b92db	d__Bacteria; p__Verrucomicrobiota; c__Verrucomicrobiae; o__Verrucomicrobiales; f__Rubritaleaceae; g__Luteolibacter	0.9980804450523753
d223df89a66b94e3e4d79a5b3442ea8f	d__Bacteria; p__Proteobacteria; c__Alphaproteobacteria; o__Sphingomonadales; f__Sphingomonadaceae; g__Novosphingobium	0.9621735341578223
1493fb8e9e938fcd7da2cd14477d41b3	d__Bacteria; p__Proteobacteria; c__Gammaproteobacteria; o__Methylococcales; f__Methylomonadaceae; g__Crenothrix	0.9558613443148872
b676abdf0c81e7a2048f57e51a08fc39	d__Bacteria; p__Proteobacteria; c__Gammaproteobacteria; o__Methylococcales; f__Methylococcaceae	0.7871142392177192
9d98cfbd7cdf146fe7b7c121550e6e88	d__Bacteria; p__Proteobacteria; c__Gammaproteobacteria	0.9995546901302
513de43781dc4c2831eb83b23940d66b	d__Bacteria; p__Firmicutes; c__Negativicutes; o__Veillonellales-Selenomonadales; f__Veillonellaceae; g__Veillonella	0.9999973682370662
f249de345d93667b46165d9100b734a7	d__Bacteria; p__Proteobacteria; c__Gammaproteobacteria; o__Burkholderiales; f__Methylophilaceae	0.9966332261075559
d29fe3c70564fc0f69f2c03e0d1e5561	d__Bacteria; p__Firmicutes; c__Bacilli; o__Lactobacillales; f__Streptococcaceae; g__Streptococcus	0.9998830004608342
db5381ff31c065a70c23bd5ff46c79a2	d__Bacteria; p__Cyanobacteria; c__Cyanobacteriia; o__Chloroplast; f__Chloroplast; g__Chloroplast; s__Prochlorales_cyanobacterium	0.9937825733962546
cd064f79e615a7cc2c297ee81c179e8b	d__Bacteria; p__Cyanobacteria; c__Cyanobacteriia; o__Chloroplast; f__Chloroplast; g__Chloroplast	0.9999989269390156
c606875d1e5ab1fec3ffbd61e0e2d52a	d__Bacteria; p__Proteobacteria; c__Gammaproteobacteria; o__Burkholderiales; f__Methylophilaceae; g__Methylotenera; s__uncultured_Methylotenera	0.7074305989685956
e5f84a979daa3e921786a77a54775478	d__Bacteria; p__Proteobacteria; c__Gammaproteobacteria; o__Methylococcales; f__Methylococcaceae; g__Methylomagnum; s__methanotrophic_bacterium	0.9993439448638651
ad5933694cf3e4fb3534ea48fbd0bb5f	d__Bacteria; p__Proteobacteria; c__Gammaproteobacteria; o__Methylococcales; f__Methylomonadaceae	0.9975284228235447
95a4d0cdb8b8994f85bbad839ce55f07	d__Bacteria; p__Desulfobacterota; c__Desulfomonilia; o__Desulfomonilales; f__Desulfomonilaceae; g__Desulfomonile	0.9984881658125396
8724722f69acddd6ddba4abeb744edfa	d__Bacteria; p__Proteobacteria; c__Gammaproteobacteria; o__Salinisphaerales; f__Solimonadaceae; g__Nevskia	0.999999894558085
cd78730963855d7465390a611f25b025	d__Bacteria; p__Cyanobacteria; c__Cyanobacteriia; o__Pseudanabaenales; f__Pseudanabaenaceae; g__Pseudanabaena_PCC-7403; s__uncultured_bacterium	0.9890537560065502
6fd68c4c6b6a26b4dd7bf74c2d4a7d56	d__Bacteria; p__Proteobacteria; c__Gammaproteobacteria; o__Methylococcales; f__Methylococcaceae; g__Methyloparacoccus; s__uncultured_bacterium	0.9912871211574771
c8579c520bd6abfd76629018515ce37e	d__Bacteria; p__Planctomycetota; c__Planctomycetes; o__Pirellulales; f__Pirellulaceae; g__Pirellula; s__uncultured_bacterium	0.91183255736206
a854595bc6aa917f42c644c044ffd30e	d__Bacteria; p__Cyanobacteria; c__Cyanobacteriia; o__Chloroplast; f__Chloroplast; g__Chloroplast	0.9999990958821904
7b6ea0c680b25aa21d4629e8a7bcf3e1	d__Bacteria; p__Proteobacteria; c__Gammaproteobacteria; o__Burkholderiales; f__Alcaligenaceae	0.9999984250041664
6fd48951d2e72286830c538ea14ddb6b	d__Bacteria; p__Bacteroidota; c__Bacteroidia; o__Flavobacteriales; f__Weeksellaceae; g__Chryseobacterium	0.9998521368427984
ac4638711b7e7cb4caf23acce304279d	d__Bacteria; p__Bacteroidota; c__Bacteroidia; o__Bacteroidales; f__Tannerellaceae; g__Parabacteroides	0.9533749243170169
9b77b5bad7620e923c63028230ba85e3	d__Bacteria; p__Firmicutes; c__Clostridia; o__Oscillospirales; f__Ruminococcaceae; g__Angelakisella; s__uncultured_bacterium	0.887416682229624
afe3f10dac305ce35725574ab40059db	d__Bacteria; p__Patescibacteria; c__Gracilibacteria; o__Gracilibacteria; f__Gracilibacteria; g__Gracilibacteria; s__Gracilibacteria_bacterium	0.7153710164672864
28ab4f9cb774293930864d73b253c520	d__Bacteria; p__Bacteroidota; c__Bacteroidia; o__Bacteroidales; f__Rikenellaceae	0.7667866841319345
7e2431206f51a678b0935260dfaabf38	d__Bacteria; p__Bacteroidota; c__Bacteroidia; o__Bacteroidales; f__Bacteroidaceae; g__Bacteroides	0.9999871048272297
87abc4c7413b8177c7aa688df74195c3	d__Bacteria; p__Firmicutes; c__Negativicutes; o__Veillonellales-Selenomonadales	0.9994198524001079
bcdd49fb69d0c009b918771c48b8fe09	d__Bacteria; p__Proteobacteria; c__Gammaproteobacteria	0.9035074067436195
8527088c4ae4b19e5f52953677d8aed8	d__Bacteria; p__Bacteroidota; c__Bacteroidia; o__Bacteroidales; f__Bacteroidaceae; g__Bacteroides	0.9998388378692579
677622d54d75c9c2f0c1cc934b0021bb	d__Bacteria; p__Firmicutes; c__Clostridia; o__Oscillospirales; f__Ruminococcaceae; g__Subdoligranulum	0.8419247399940477
1bfa4804264bef3786e0e5d22cd8c31d	d__Bacteria; p__Firmicutes; c__Clostridia; o__Lachnospirales; f__Lachnospiraceae	0.9998283399444029
8a6ab4cf394a02a0d77dcb6997322441	d__Bacteria; p__Desulfobacterota; c__Desulfovibrionia; o__Desulfovibrionales; f__Desulfovibrionaceae	0.9991782652520913
29e19ee757d5fc79abca5c21506b36ed	d__Bacteria; p__Desulfobacterota; c__Desulfovibrionia; o__Desulfovibrionales; f__Desulfovibrionaceae; g__Desulfovibrio	0.9534792311228023
4576eb5c89f3dff362685412f8965b46	d__Bacteria; p__Firmicutes; c__Clostridia; o__Eubacteriales; f__Eubacteriaceae; g__Eubacterium	0.9959004561629424
6624558f8ee83c9a0d358b602c4a6c4b	d__Bacteria; p__Bacteroidota; c__Bacteroidia; o__Bacteroidales; f__Tannerellaceae; g__Parabacteroides	0.8875311139473361
d82f498c841844e395a00bc092874410	d__Bacteria; p__Desulfobacterota; c__Syntrophia; o__Syntrophales; f__Syntrophaceae; g__Syntrophus	0.9630251613394647
66bba55a43e01d9f807137c1bfc100c4	d__Bacteria; p__Proteobacteria; c__Gammaproteobacteria; o__Enterobacterales; f__Enterobacteriaceae	0.9867366087579904
b9653a8a1af5b2489a166ce64e6e3270	d__Bacteria; p__Bacteroidota; c__Bacteroidia; o__Bacteroidales; f__Rikenellaceae; g__Mucinivorans; s__Mucinivorans_hirudinis	0.9997044177583436
b171c1e44e3f007a8810ee91dfb73fe3	d__Bacteria; p__Bacteroidota; c__Bacteroidia; o__Bacteroidales; f__Tannerellaceae; g__Parabacteroides	0.9456059969278473
c7347848393fa74e99ef5b68d90c3559	d__Bacteria; p__Bacteroidota; c__Bacteroidia; o__Bacteroidales; f__Bacteroidaceae; g__Bacteroides	0.9999741336853638
949d1fa0c02c2d7b8ce546fd1954daf6	d__Bacteria; p__Firmicutes; c__Clostridia; o__Lachnospirales; f__Lachnospiraceae	0.9999785216277867
6578fd2f34eecd27ee2f8526c4a049a2	d__Bacteria; p__Bacteroidota; c__Bacteroidia; o__Bacteroidales; f__Tannerellaceae	0.9955492100276356
f2807980b37f4fc09306c3d2726981c2	d__Bacteria; p__Firmicutes; c__Clostridia; o__Lachnospirales; f__Lachnospiraceae; g__[Eubacterium]_fissicatena_group	0.7948843882229191
3571e5848b1b09ecad4539454c18f15a	d__Bacteria; p__Bacteroidota; c__Bacteroidia; o__Bacteroidales; f__Tannerellaceae; g__Parabacteroides	0.9926125653691945
d0958c80b3756a5cf6cf4e71c5693e64	d__Bacteria; p__Firmicutes; c__Clostridia; o__Clostridiales; f__Clostridiaceae; g__Clostridium_sensu_stricto_1	0.960011105000861
5625bff42f72096518ab1d17b5dc9086	d__Bacteria; p__Bacteroidota; c__Bacteroidia; o__Bacteroidales; f__Paludibacteraceae; g__Paludibacter	0.9986185349490699
d36443302053d9e92abd6d12682bc81b	d__Bacteria; p__Proteobacteria; c__Alphaproteobacteria; o__Rhodobacterales; f__Rhodobacteraceae	0.9999977223856455
2696f820f416ec05faf3631c85af9a98	d__Bacteria; p__Desulfobacterota; c__Syntrophobacteria; o__Syntrophobacterales; f__Syntrophobacteraceae; g__Syntrophobacter	0.8537236471922152
a4b96f6f973e4c2184092e895f7f5a2e	d__Bacteria; p__Proteobacteria; c__Alphaproteobacteria	0.899316450825266
e83fa923d1e185d9c9de13ca3b37c8f2	d__Bacteria; p__Bacteroidota; c__Bacteroidia; o__Cytophagales; f__Spirosomaceae; g__Arcicella	0.9095786600301612
f175e7883a5abe07dc6b2b480a610565	d__Bacteria; p__Cyanobacteria; c__Cyanobacteriia; o__Chloroplast; f__Chloroplast; g__Chloroplast; s__groundwater_metagenome	0.7188044256344797
c2b323bf2ef9db8041904c44ad87309b	d__Bacteria; p__Bacteroidota; c__Bacteroidia; o__Sphingobacteriales	0.8827801580836181
976621fa08149a94885b45cbe3d3a95c	d__Bacteria; p__Bacteroidota; c__Bacteroidia; o__Bacteroidales; f__Paludibacteraceae; g__Paludibacter; s__Paludibacter_jiangxiensis	0.9604656762509982
edf9a38b35ad9bc6483c4e2e83870ee1	d__Bacteria; p__Cyanobacteria; c__Cyanobacteriia; o__Chloroplast; f__Chloroplast; g__Chloroplast; s__Stigeoclonium_helveticum	0.766652936736772
ccfb3223dcda15b89aca2d7053054c64	d__Bacteria; p__Cyanobacteria; c__Cyanobacteriia; o__Cyanobacteriales; f__Nostocaceae; g__Dolichospermum_NIES41	0.8367415782893596
d1eb4b424390ce307d92f9c597cba1de	d__Bacteria; p__Proteobacteria; c__Alphaproteobacteria; o__Rickettsiales; f__Mitochondria; g__Mitochondria; s__Diplazium_pycnocarpon	0.9105986377657848
7e0c9d358cc9936b7a22f55a87aa7470	d__Bacteria	0.9861869776525367
851ce6c5c66a7e30124f6d6af207758b	d__Bacteria; p__Cyanobacteria; c__Cyanobacteriia; o__Chloroplast; f__Chloroplast; g__Chloroplast; s__Spirogyra_pratensis	0.9834088449654684
7a23967ae124956e45618b2ac0546898	d__Bacteria; p__Firmicutes; c__Bacilli; o__Exiguobacterales; f__Exiguobacteraceae; g__Exiguobacterium	0.9979101272772624
4424d0195d59425bab47792c77bc7722	d__Bacteria; p__Bacteroidota; c__Bacteroidia; o__Chitinophagales; f__Chitinophagaceae; g__Lacibacter	0.9971618640140305
24c09644534babfa50d9d760669c5590	d__Bacteria; p__Cyanobacteria; c__Cyanobacteriia; o__Cyanobacteriales; f__Nostocaceae; g__Dolichospermum_NIES41	0.9141574643362309
a53151c72d8ac25021df88b063cc4c25	d__Bacteria; p__Planctomycetota; c__Planctomycetes; o__Pirellulales; f__Pirellulaceae; g__Pirellula; s__uncultured_bacterium	0.8801074138392859
623769853f5c3cfa3b379bc6e0d82e14	d__Bacteria; p__Proteobacteria; c__Gammaproteobacteria; o__Burkholderiales; f__Comamonadaceae	0.9986307511506648
5c2fdab2b05d9a284920fd0d2f196e65	d__Bacteria; p__Proteobacteria; c__Gammaproteobacteria; o__Burkholderiales; f__Chitinibacteraceae; g__Chitinibacter	0.9999993423088843
e1c33228f69c92b382167719ebeab98d	d__Bacteria; p__Planctomycetota; c__Planctomycetes; o__Pirellulales; f__Pirellulaceae; g__Pirellula; s__Pirellula_sp.	0.8051447231249865
87cc2ffa9b418d0cb42e7ede41b65722	d__Bacteria; p__Proteobacteria; c__Gammaproteobacteria; o__Methylococcales; f__Methylococcaceae; g__Methylomagnum; s__Methylomagnum_ishizawai	0.9298680803115057
4715ca5231af58b3a42cec36c0085e96	d__Bacteria; p__Proteobacteria; c__Gammaproteobacteria; o__Enterobacterales; f__Enterobacteriaceae	0.7541233222525656
3d279a8d7f4e3ee5947b67f0b75ddbfb	d__Bacteria; p__Patescibacteria; c__Gracilibacteria; o__Gracilibacteria; f__Gracilibacteria; g__Gracilibacteria; s__Gracilibacteria_bacterium	0.9562804852421039
6e95b462016038bf0010ef70620e0aa8	d__Bacteria; p__Proteobacteria; c__Gammaproteobacteria; o__Methylococcales; f__Methylomonadaceae	0.845478597678316
7366a8b464cf765b143c0afc7a833bcd	d__Bacteria; p__Proteobacteria; c__Alphaproteobacteria; o__Rhizobiales; f__Rhizobiaceae	0.9911873282159669
